{"MAE": 791.1195271842928, "Accuracy": 0.05204166915476127, "_wandb": {"runtime": 10}}